create database purabali;
use purabali;

-- Tabel master kabupaten
CREATE TABLE kabupaten (
    id_kabupaten VARCHAR(5) PRIMARY KEY,
    nama_kabupaten VARCHAR(50) NOT NULL
);

-- Tabel master jenis pura
CREATE TABLE jenis_pura (
    id_jenis_pura VARCHAR(5) PRIMARY KEY,
    nama_jenis_pura VARCHAR(50) NOT NULL
);

-- Tabel utama pura
CREATE TABLE pura (
    id_pura VARCHAR(5) PRIMARY KEY,
    nama_pura VARCHAR(100) NOT NULL,
    id_jenis_pura VARCHAR(5),
    id_kabupaten VARCHAR(5),
    link_lokasi TEXT,
    latitude DECIMAL(10, 6),
    longitude DECIMAL(10, 6),
    deskripsi_singkat TEXT,
    tahun_berdiri VARCHAR(50),
    link_gambar TEXT,
    FOREIGN KEY (id_jenis_pura) REFERENCES jenis_pura(id_jenis_pura),
    FOREIGN KEY (id_kabupaten) REFERENCES kabupaten(id_kabupaten)
);

INSERT INTO kabupaten (id_kabupaten, nama_kabupaten) VALUES
('K001', 'Badung'),
('K002', 'Bangli'),
('K003', 'Buleleng'),
('K004', 'Denpasar'),
('K005', 'Gianyar'),
('K006', 'Jembrana'),
('K007', 'Karangasem'),
('K008', 'Klungkung'),
('K009', 'Tabanan');

INSERT INTO jenis_pura (id_jenis_pura, nama_jenis_pura) VALUES
('J001', 'Dang Kahyangan'),
('J002', 'Kahyangan Jagat'),
('J003', 'Pura Beji'),
('J004', 'Pura Gunung'),
('J005', 'Pura Melanting'),
('J006', 'Pura Puseh'),
('J007', 'Pura Segara'),
('J008', 'Pura Sejarah'),
('J009', 'Pura Taman'),
('J010', 'Sad Kahyangan');

INSERT INTO pura (id_pura, nama_pura, id_jenis_pura, id_kabupaten, link_lokasi, latitude, longitude, deskripsi_singkat, tahun_berdiri, link_gambar) VALUES ('P001', 'Pura Tanah Lot', 'J001', 'K009', 'https://maps.app.goo.gl/tYRAeEyp4jxpifT79', '-8.6210527272378', '115.086792416789', 'Didirikan oleh Dang Hyang Nirartha', '± Abad ke-16', 'https://lh3.googleusercontent.com/gps-cs-s/AC9h4nqu-y0H5I2UfBeMZEP0YF2_TGlf5i3NwyzFgIjDuZiO5aw_YPHQXIvK4tM1ytN5ze7SrfsyhmYAi2_xkUymDKypJm9aAxm9CV5D1z17DPAkslDJNzfq-b0I5VCqHuS3NF51djU=w408-h285-k-no');
INSERT INTO pura (id_pura, nama_pura, id_jenis_pura, id_kabupaten, link_lokasi, latitude, longitude, deskripsi_singkat, tahun_berdiri, link_gambar) VALUES ('P002', 'Pura Agung Gunung Raung Taro', 'J001', 'K005', 'https://maps.app.goo.gl/rQhtSzUskTyczSjC7', '-8.38483052273681', '115.279007667249', 'Pura tua di Desa Taro, dipercaya sebagai titik awal perjalanan suci Rsi Markandeya menuju Gunung Agung', '± Abad ke-8', 'https://lh3.googleusercontent.com/gps-cs-s/AC9h4np91TKXq4iPcVBVZFD0fXW7n_JKBBmuVQwL-bBA-J-mR0kqMQ7w7YTlbkj_wzTRLBr1XHKhxQvUbU34zHUNxS4kYzQril3TqugAZ52z42x-IaEndmI2Qg0FmtAozReWbhj-rTh4=w408-h306-k-no');
INSERT INTO pura (id_pura, nama_pura, id_jenis_pura, id_kabupaten, link_lokasi, latitude, longitude, deskripsi_singkat, tahun_berdiri, link_gambar) VALUES ('P003', 'Pura Bukit Sinunggal', 'J001', 'K003', 'https://maps.app.goo.gl/n7q29LchMj9khsju7', '-8.13278520315067', '115.256269683146', 'Pura ini merupakan salah satu sisa-sisa peninggalan Kerajaan Bedahulu', 'Tidak diketahui', 'data:image/jpeg;base64,/9j/4AAQSkZJRgABAQAAAQABAAD/2wCEAAkGBxMTEhUTExMVFhUXGBgYGBgYGR8gGxsgHh8aGh8aHR4eICggHxolIB8aITIiJSkrLi4uGiAzODMtNygtLisBCgoKDg0OGhAQGi0lICYtLS0tLS0rLS0tLS0tLS0tLS0tLSstLS0tLS0tLS0tLS0tLS0tLS0tLS0tLS0tLS0rLf/AABEIALQBGAMBIgACEQEDEQH/xAAcAAABBQEBAQAAAAAAAAAAAAAFAAIDBAYHAQj/xABAEAABAgQEAwYEBQMDAwQDAAABAhEAAyExBAUSQSJRYQYTcYGRoTJCsfAUI1LB0Qfh8RUzYnKCkhZDstIkk6L/xAAZAQADAQEBAAAAAAAAAAAAAAAAAQIDBAX/xAAtEQACAgEEAQIEBgMBAAAAAAAAAQIRAxIhMUEEIlETMqGxFEJhcYGRIzPwBf/aAAwDAQACEQMRAD8A0+DmhCV1HEAWcbbgCrj7EDsydagHDEioBrzdngsmelSdQ0hQPFaoJFgKO9Yd/qSFBUtaFqWkOgyrsCDqBowHI1+keJjhrdFmTwWHl6ls+osEVABL2PTr4cw9lWEn/KRVyxJL1YsQLud4jkSydXds5cKFLXIIPl9YZh8wSHPe1vpW6QDux/mFJUIh1qspJCUKdRDGjEPSp3q20X5uGC0Du6uKluVT5057xBIxehYXLlUAOs60lNSGZ2ZLhvPziOdilBX5aZqUvqUg6RpNTwEEunps4Yw2rQjUdl847lLMG+YOB7npURrcxwSMYgJUn8tweJNVb2Nh43jki8ZUMVUYsaOb7desbnsj2gRqV3h0uGJKi1HoOkdni5klpkwZLn3ZYSgZuGKgHS8kAFJ2OkXB3YUcmlYwuBzASpqglCgmbVSXfu3NQrhdN7tvHZBipc1tCwoVoCD0rAftF2Tl4lOoHTPAYTG+IfpW1wfaOxxUtxqVGO7N5rpnLwyikS9ROlSQUuzkDlajRtjhkzBxywlKWIQQ9NlJIPT4fF449jUmRiG+CZLUhPdl2cMxBqkhzz33jrOC7UyV4UTklIWzGXyVRwPswQ2VMJcmhkTwpxZvfrGf7Q5zMK/w+GI7wB1LJZKOQJ5mMvmudmZN72WUuCANrO5JuBajQ3sbmPeImFf+5MmrWo3BDkb7AA+8ZzzxSdEh3L8CjCPOXM76etLFStuqBsDzNSwjE9pUoVNXPmEallKTp6gN7BdQLtF7tDjZkzEIw+GSQspdRsEoFNRB35bmkC8flktfDrW7HiJcuLGgFH2jn1yfLGqM32mW0tYC9QUwFnKaVuaUuL+cA8AhUzESEGgOhJUaCpqXNGETZgpWlZazoUQKCqSztUmt/wBJ5Q/CyPz5SGJo5pyG1X+9o0WyKZp+x5fXKWnWlCxxpNLjhdwGVSggj2lw6ZeqWk6ZaZjpBFCWBYkXAcR72QwMvvZ8tSeAhKwkGnLbekVe0+Kmd4lDjSRwKJ6kO/6m0jnTrEt3G0X+WyHCY9C1LkUBU5UUO4DA0ewPrWOidlctlplpQNIIdSg4BL2Nna1I5Llssy5hX8KlBiTuxcfQW5CNbkeZFCydT8jpoSbEt1MYSm4tVuZs6atSAljp0tZ7hwDvf6RisbmmrEKlIUVIBQkB3AYm3If8avaBeIzmcZhWVKSVCjGrVH1BiLA4xI1FI/Mo2oeJKup/+0aPM3wqJN72UxZUNCVJUEku76+eond3A/zBGSod+qULfGpNwOXvxEdRGWwnaHu5SpaEyzMUS+mlSQkljyDHlQ8ou4JGKAM5JCtQdRKqsW2Ady1hYNfbuxytAbLRQ6WBPT3hxLCBuQrWqXqWTcgOK0pV6vHua4wMZaVMoirbDnDboDxLzJjpI0pPEW9ht1frzrF8pSgEtydhFLKCluBZUC5rS1yzbwB7Y54t/wANIqpVFEX/AOkdYcdwKPZTNZZxOImqVVTt1cv9ALxpUZhNnj8pGkbqVtATIsiGFmSzNA/MBHQL2B8gfONk7QqAhw2GCRzVurePUT3JHoWp9/WPJ04VBCvS/Qc4imyyxLgO1OVqffOC0BblgtUuYUVcNind2pYdNo8ifiR9wOLYfOeAAEgOwt9Wr/aHYHOwlZWQF0LAgkNZjpIpzekZ2aC4dVTsLD7/AHibL5jTEuaGnhvHlpJboDRYtSlOtI0KUX0pBCRswfw/vAqXNAJ1Jct9Wp1iBOaqSupmJQLE+R8kkPWm3hEmJx4JBYEGzj7+xE6d9xk2GkIIIWlNrHcXv6Xi2hSmOlRSl6aqtsLufeBgmBSQdTGx2rZoSZ7kDVQnnaIdgW8ahi5dt6sSaubW6dIikTiBwqIfY/Wtor4zGAAlaqD7b1gTMxRWvukghKvipVuh+7mKxwbA1GBzSahX5UxVKKKVHfnBrJe2EyQsa1FaXYgl38DWMacrklICFKCt9JNGYbuIpyxiJdUqE0Algfib1qfONoTa+ViNX24x0rGLTNlpMufLdwzFabjf4hsTzI5Rmsqz5fEHCeY52D9G9oixefrUAmZImULOXp0cgAeu0BDjgZutKS5vq39LuP5joWqa9SGbTMM2QEpSlbKqdQSH8am+1veLnZbG8ITLBBTQamqKU6qPKM1g8zKGSoOg2O25fwFjX3gpge8STNXpCKlCEByN3LWelBHPLGqpjDuXYopXNnklMyaUhv0oSGAbYmp9IhxU0FRolJ1fFszbgbWtClTBMIW7q3HOtIozjxl6MSfCsZW7E+TOZuwUvS511UBb08vrF3E4YS5kibpI1yyQQxBOw6eRePMxl8TnctUOLNUb0JMWMyxAXJw4ZbIFHDIfY2eoHuOUdidwLrY0nZ3EAz3FNUlJa78SxUmtOvWKXajCFeMlJBHdpSASC9XBqQxSfhD+BraPexSmxCzoKmQQL0qnz+zF/OcQhffLEuo1kKKmqOFxVj8PL94mG0SvyArGSEAqIubAF9NbE/q2J8YgTMUmoBcUB++UQYLHsCCWdIHNm5MI0OAmaVIUlBLEH4aEhmBt5tHPXqMSzgpa5gSZStCtJSvUKHVQsSSWPNuH0i9mnZ5MuUiahCilHCpTg6i76mawNKiC0rM+9SVrklIsCEihCW+UlQHVqUgbh+0C5aFyUlKqkBbhQcmtNiOW0dacU6YUVPxEsL1BIQBxFVH/AOhjQIuLWDNeDGT5wuehS1hpal6XJsAClktv81rk7RlZ2DXqGsJ7tdQQAVU4G5hr1axgrKRM7ky5IJRy5kXKuop6Rjk8mUXUQN7IzuSSAleoqZgzE9air0hS8uTMUpSgXJB0nk5a1OfrvHNv9LnS5iQVqSQk1D/Cznq21f3joOCzuXLlS0lKgNIAsdhfld/Ix1Y/IjNbgWM8xiMLIXMSAFGiRzNrdBXygX2Hy8FJxC6rUSxPufF3gPn+eDETtCXKQnTL5KUTxezekbDLJgTISAwCQ1BShbwv9Y21oKLGaSJa0ATPhCgaUqLVv6Rn8SqbxdxMmJIsFnUk22PE233WPMM3UslL+ST9l4qzcwEpNXNuEGoBpc/tHn5fJ1Oouh8Fz8fOBeZJUFNQIUk83Yu9b25RYxWfHQB3E1zYlgPMvSK+XYiXq1IPGWB1OKH5fuvOK08gqEpGpStbqZLpCWd3oG8faFineyCz2VjFl3YK/SkuaXckAAUqffaPYZP1d8lATpK0JKjp+Cqm5XLmvIGrQouq6HZy/PJctKtKdrFqGt632aIsvw4NSDq2sKioI94t9o5RK1kBg4Cb/VXn5iLWUy6ICksk1Ss3fr0jmbqOxKKmJQsnSqqbM23gKh4o4mQhPzKlgP8AFbbyG8G8WgpVr0TG/UGY7OHrXk0ZrNAqYBLclrgpOkB3Lkhydqe0OCbG0QzsYLSpc1b7kOlXJut7f4lkzV6QhOHUlat1kAKrs+/R3izgRMKxqBSjmRQP1FAIO42TqSpJYoDPuFbs1+VYvUu0CMvIwJmLBnqr8ssDhuL7kwSzKSmQvTRT1SAsHSksWJFr2NWiGXLCVfmKUEqVpSQHKXNNT3SKnqUt1i7i8AliEkuDQBjQGr3OomvJ4t1VsQ7CYWveEmWgBwpvisWDuwYkurpSJ8uy4zkaipaSC7qUADawZ6/tFzKJ6piBh5mkiiiFADUE10gjwqbtztBLBzBNAExkKCiwSBQJ1JZ2qaAuX6XaI2a25GgRj8GqUWQpQG4NSAxuw2s/WA2LywLSQtCavUM7jkU9abxssxxYUFamFGD3cA1AanUDnAXMcQFyQ5sggnzdww6s3jEpyEY6UkSEqRMBUTpUlX/EUIHM7EcvWL+EzEaQlxpulT2P6S+172Ig7nmWSloCAyiz8L8PIuzA1byEZjM8P3OiWpglmDBgoh2UN9QvXn1joXrXq5HYaXiVSyCfhU1Tt48ufhBHDK7wOhClOeIpYP5OD6xk8JjFsZUzVpLBKlEbGj9LbQYw2Zfh1kJOpLB/AsHOzhw0ZyhQWe5rh1cVAGYgAnw23s469YsZvMT+HBSVgakJShdqJHEOZD8gIt5riZBl6kKK1K0go0tSjqcUeiW83gHmzmYgKOsFKFFyQKUalQD7GNoqomi4CvZbHBE9S5nw6DqAPPfk9qPuI9wOJHerBlpIdIavN67btAnEy1oIYAfKobJYENcnYF+sPyhRKligIDumldQFH6xnNVEHwFkYNOsusABLECgNqO3r/iCUnGBgQFsk0JIUASKEmjWFQDFKXPWlaVJIctViercnjRZVl8sB5rE1UoqYAPq4UswJLgg0AY9Iwx9maQ7KszmqJCQ6ikstV0luVrH+ORgyzDAr4/M8i4ZXO9fOA2NXrniXIm4mVLBOsBhL8zRRFSKuKvaDuRTJakd4kKSyqagOKzFJdyk9WjSeyTHwgljsGalcumlwAr3u77v9Ydl5IlrKQQsAy7uwu4AY9HNjE2fKKkJmIfULsatvz6UeMx/qipaiUAlRsSK1u4eMW9L2JTPcXi1hYmTUhRTbURxMW4nqefRhQRRzPOVrcAB1E1FBUWsxIr1pFNeJ7xZK6PxP1jyZhkiYlikn4qMQDuOnKLxq5Uxrc0fZmf3U5JoWB0g8mqX61jRTs6SoqSkllAMBYHcciWaMwlkqcPyYO422uCdolxAOk8TC7AOelHe/J4U8jcqXAy7OxlWCRTeo/t59IE45esE6urs+/wAx5vEctSjMJVMUEpuGYbBi9W9NucTKnpI0hNQpyRRxvqH6RanKB41FbsTZLgMOpKH7x6HW3xV5+ZFYP4fEJk/Ml1JCTZ60IpYu5fpGXwmNKFjU93dRGzvawY8+d4tichZLJ1GtQwPNwBcUIiEtLtCDypwQsL7w6gAAmjadt7gFR8z5KA85aU6VkhQAL/CSTRkBhfcdeUKNEsvTKMhh5CpqgKly5As19rCNGNSpKlKlqCQWCxUVIGn+5a8CezsgiYz7FQAO4Dtz5+8F8biEgFC1KYEsKAAkE0dwedRzhpLsQGmTCkOBqQkXBccPTm27bQMx893VYUIbdx18vWDOG7taylGpjqGlYDmhoC56F+kVcfhwlIoWCQL1iJNKtgfANwiSSHLC4DM7xOUkWWAkqNAzfS56fUwPxc9Icm4sP2i/keERPU0yZoDKIKrULgA7RSTYk6PJ85ZTMCRbQrh+bQoLZvLzJi1h8U6dWoNSoAqCaF4iC21oUsuqoZqUcOSzAvs9oHpx6cPTSpSV8iXQfmLG6TducVotUOwrNwXdzQS4JD9Tdh5sB6w3IcQF4pJUSkByCDZQBUHfZ2gevN5s9kpUEJcOpuP/ALeQ35iCpw0kJBUFa7MN6KOrnqdhUWL9IuKUd2KzZjOcGqSZmJKZk48TEEiwYADhBZnpzgD2jxOGXLSZDpmKZRS7gEEMy3FaVv5NGcSpakhNk0tbkCdn2eCGNysypblSVVKeEvUh2Av50jVzcuEBbmz5RkI7tA1Euo6QFEgBw4NnDl6neBWYYdU1IEwGzp0sSCB8QvtXrV4kwipitISlWlDBSdk0uC1HYwcw+LBBlrBCFcbMAdQ1UfdiXoKiM9Tu2FWcqzCUtJIOolyFO9GueHY0O1xFvJseClcslTlB0g3IBdieYNfAGDvarKk95rSpWkA2cc2cCvOx38YzUw6JqVhJDVohlODyFWjWMlKII12DSo6dTEsXIH6nbwarRXkOZa3DkMgKOxCq16sOcMl4krGpOpJ4TUfMAQb+XpE8wpEpSVl5neE67OkpSWIatavzDVYxC7NUxi5krTcuUlOlhW1SqnOw84lw7ydKphToUEgEKcMXPo7DxirhJSVyptQWcgKUAQpwKULm5b3g1mCUztAUlBK9Pyu50JNWABYlPO3SCk0AlzgpSABZx4+LX2rBrF5klMgutImgOElmVsxHgOo8iYBScKlBPfJLsGBO7VKUmjEWHLeKmKzIKTqVJWZNQlEtLgllfFpYP5jlzjGMNyUMxUxOlLzjLWoEumWpy5IqoH4WAFtzGh7K4wSwUjErmzFgM9rVZIDkuBVT+VoyUnGFZYSglJLFKnOluR+7xbw2Yd24ShbkK/22v1sdj5Rcr+UT3NTj8xWVEMUmx61+sDZy2dSSWe7dadDR/eKK8y1EJKyQpriopa9L9YjxuKCAUJUKhqlyW+lYx+G7tiqiOev5nsHL2pXbaKuUrXMeaKAq0ANy3r7+cRTBNxDSkB2f2vGkyDJyiWl6gKoH8CbX5eUbQWlW+WNe5ZlKITVlKY1cip25tBjDTVSk/GCah2raw3A9TAnFJAX8RU5ruHFH++keTcaBwkq0m5+x4e0cbhO77TFZdzTHqmF1MLVBu3VgX384pfh13fQCASaGh2eht0g12pywSMFIUAtehVSq/GFElQodWpgOTl4yOR45amChw/KHJPmPmSXFrVblHXmwtb2NBhMpKdD1d0l2aocfSL+HlJACgkPYG/t93gPMkmi08XzAg8L2YEX3HnGlyzCrSjWFuCwLAOPM7vsbRxuDW9jKs3DITPwwOnS5WXHFw6S1b1DOeR5woHYwy8Vig6iruhWxFwySwa9+dRCjoeRwSV/QRYwuB7pijSRfisbsyxUX3d+kA84wuiV+aFoUHNA4Wr9WoUIYNSOZ5R2lnyD+VMUgXKLoPTSX9qxvsi/qSkjRPljSfi08SD4oNR5PHfLBF8bAXuzReYhJTUECruNR8bMfaHy5RVM7uYPmmBy9dLl/QGDuX/hcQoLwk1KV6kqUgqLKYigJLpNLGnhDUZYRPmqWFAviFJBvVGoN0uAbXjCeL3HyYbF4ZKlh1aU2Jo7RoctyqSEhImhyDVLVJBFC9WFWEZfOB3L0cOxD9K1PnAiXiyo1WobCrULE7jZzERxN9mZoc3wRlTDxpWDci/nWptA/CS1TFhALEkXtzcsHAEEZ85cyVLQtwUJZJsFJs9egBcmKssiWt1DhIDNv1Bry9RBHZhRXQtamJKU3NAKfs8WlzZ5NF6mDB/8ADv8AzDsMuomCWVSnPDu1eHmOT+d4lxuJKFhegIE0FSaUSAdOkE9Q1H5RootisuKzJMpITPkLQRpGq4UCNjblZ4sHtJh1JSBrGhwNTcgHYfMKbcoqYDMklcqUdUwo1ag/C/ymWd9gOrRdzfCpM0KJJlqTqYgs4oQSaanFoVKIWGcl7R4ZUsS1AkvrCgGCiTUKLfC4pDkYcTpUyaCAZbKTUEK+IEOD8Rpf+8Y+bmGGljiShaCapo434TQ/S94oZdmRXoRh2TMUD3jlksHszuLUa8W43G+i0H8zU8pS03DHZwCzgGMTilBC1KSmjGteEhqgjq3rGhOGxiyTwlII1JCizVBBATXb0imnLpyiyn34EuQ9TVmNCz05bRMEog6RUlYkkpZ2av6SfEU+zBAlRmhYI/L0hinUFagWoaEW82gNsu8tYLiWX4VOxDVAB6wV7NqC9dPzBLLeIUCQdjWLcd7KXJZwqdExSiVDUXIIYWDszi9WggnFJSlPNDlBJol+JmbiINHt4xHjz3jjSlDgM1ACOEhj4Kt/aBeLkrDFagfhAItuWazt+0ZcjDOOy/EKmkzVHVQNqDlwWJL18v7RN+Hnplj8t5aaDiYOP+IIJDPalIPZfJXMCDpBASz71qC4FPUmI8ywclJSJ0xyLAlgNq/TmaxUccmrYUZaZjZzPLUzghtAKSTsab+sQyMXP70mXJkqA/USkEKrSrmnl0joGGVhJiUyJZDJPE6dLXoHAdy3oTEU7slJ1BkhtvHk/wB7xvDGMzy5BSpM1aEA/MlB1JD7OQkjye8Us8xCVJGiV3Z+Zjeyq15+HKNVmuXSZQdahtQKYm22/nyjMyUJWsOksbWNvs+kY5Ki6JfI/IMG0zvSSAzEDd7xoigadJVwvwgGjFq0L6ncV59IBYbGqYykqDBekpsa8t3D35QWnISJCVsW16AXccRNRQkDh9xWMfhyvkEU8VN0HSNIIpSgpRg2wteLeR41PeBKmWGLA1qKily37RkcRj1CaxJFGqxe1vYRov6embMxKkAOGdSwA8ui2INQNTtDXi7pkG47XE4nBpToVq1pUWcBg/EX36Ri8vw8xKnQEu2llhwAf0ip9XHhHQc4SZeHMwF1JlquaOLXNySKbxhZOKZiqoGkPe7uA/3QxXk6lTRSRalZclBYTFpUb6WCQf8ApOoOK13AvDZmPmS2lrLJUQUrB4SWYu/wkkb0cmtY8nY6WoEpOq4YXJGwq/35xVWSoMyX5EgEgm4BUP4rHHjcpP1FEuKwwQlpaeObpVo0kgks5W9qUbmDHsXMtM2WSkETEJATxAsgsHAXumopUBtoUbS2fQ6PnoIoTsCB6v8AxHqUbhQjQS8CPxCgAwE2T8JsC5t+0an/AETDEkIUrWouaoI89SfpHoyypcmZg8Dmk6WQUklvu4jeZD/VFSQJeISVoYgE3ANDpWOIebg7iB+Sdm+9kpUlTHWsFwhgApQ3SS/S1osy+yUk4icmaspSju9JCEgHUl6hgPS7xMskNwsfmipeIUV4abrSoH8tTBaT0V8JFd2PQQKn4VaSDoKNB5Avs9aH38IGYnIZktS1pUlKRMUgHWxooh9uHr/EavK8g7xCe/zGQEmplpmoUSwcD4tKT6wqS4YbPgpqzVUyYmUJdWDAPxEmrjdxyZ/ODOP7OT+6Ly6AkhKW1BrgAeAcC8abI8uwchJ7pcvUUuVmYkrNWYF6eAYQWlrBUkhaDUKu92vWIelFxh7nMMrxBlS5kxzqStCUMzpcLWTetQL6hem8UZ+PE9Y1qJ0uo772rWr35x1/OeyEnFS16uBTglctnLBQ4ufsesYHFf0wny5geckSaMsBRUq7p0JDlVDQRqkpESgZhIJUFJFRUAWNmH9o3OD7Pz+5/ET0zQKrUkkFRapZNEoDDdoKZFhcuwDLnGYJijSZNlLDOPlGlk08T1jSZl2gkTJC+5mgKahUhWnkH1JAavvFKEJK7snRJco4R2qmYYzVmRr7tTHjuCfiqKM9oudi5ye9lyUy0FUwjUvi1JRuKClATQgVEQ9pMDMlrKzpOpRPCAA71oOFh0MRdm8ZMkzBMAXoSXmoTMCdQTVIZwTV6B6GLaUlRaW+52aXLlIBSAwSAjTU1YEOWJtvb0jHZhmUvVrTPS6SQAlPEC+5ewO7Rbx3aaXicOvRLnoJDqUgJK0hNyQ7M3tHOZU1aZSwkONV1JqRQFiDTZx1jlnjtjyRbZuMfh5S5SuEKnaQvWgh1DdyzkXLF222gP2UCRPIS/EFOLlPCTXoSBV4FZFjVhKkoUAtiDqNFdOYUPGsEciZM+WWKVAkMSeLmDyZ3r4VgimnTFCLXIRThmVM1aipKqEk2VUM+0VsxPxalcOsOT4bAAUIpBPOwUrSoppp+VzUVDjlWB2O4qEl1pBA5m/gKKJ9Yhxeotl44yeCGmqII4JYWyECwoEuzg3pyjN46RNm/mTZYKOICqviAu1BdnNY6n2b7HzJxkTToElMkEUZRWXelXCbPQM3IwztB2JxSUlQKVpFQw1KFA5LsKkCyQwesaPUui4NWrZy2UmYtKUqSlINVAhxfS7En9rwcy/DCUApGoFqALUz1caSos9QLxSGpaUpSwCQznz929g8Hcs7PzVydZnCUkuEFnfiSKJeoqHMZSk69hS9UqiCpmIZY7xZ0n4SVVNSAbu1DX+IvATEiWJcxGkuC9V3LF1BqB+vOLCsj0rkqdK9Uhc01oyO7BY8/iiTKMSmapS8QFMllIl3ADFRpc86n+Q9NMHjknQHTip6ZgUShag5CipB5AUccXJxyjRTs7WvL5oU3elUt0AjidRcgC4KW1couFGDly1rEtKRrCV60JULJsVfCOJNSBcRlOzWGwilYiXNo6iJCu8cpS6iGq6iGTUvQEVrFRldyrgz7LquzExWFM9U2QmiVCUZg702BLbHkHHkYK9kMxEiSUkIQTNQ/EkzSlRZdgSwCXDGpV0jRY3s1IxIHciUJZUCRKBCiKEsXp4tta4jAdr5+ElLlYfDgBUqYrviQyyzDSogcSN/IGNHLU6j9gUa3OlYztpgCju9a1j4SkJB2vxAFJfeMHNzJAmq0haUqLp16eBIat6qt0946Vg8VKxGDfDL/JTwgy0hIOlnSNSWIFj4GOI9qs71zCAFfMkEnmaACxjGUnJqK3+gcBzHdoJMqWQCtS3JQDTVs5ISxDMWHIQpueGkwYaYosFPwpQKt8RSSNgIG9mslVNmBMx+FnDBKgN2Uql41OPxMuZoQxWEshwAWCbB0mtHvbYchRgtx3ZBlf4koTMXO0hVNCS/Nwa6QGF2MKH5ngphkAoSQNXGlnU7U1AMPMUt0hRjKCk7sayaejm0pb4maQAWmIuQzBxd6iDs6YhIcAkpFkqvY3FX69YwaZVDSgMeGUPsx3yw6uzI2HZ6cnuBrUtIGqiWDuTUku7QXyJY14leohIUjQVn/i3QEPwu0ZTKJAKTvU86ReRITqqB4U/zEvCm3vyAs0M9WG0vqR303UEhwGUs6nagoa0sYCYPDqKCUioP1Omr9R7wWywYidNThUzEy0DV8atKGJWSTur4ywAO3WNrlmGVhMTIw2sF0guC6V1Wa8hRo0itNL3HExyMJPwyFLmy06SWouWu77BZLOm7N6xewONQtRWuZ3dgfyEFILAWY8o6NnmUT8UrDkKQUStZWkjSC6mCQKuGG567w3A9n5gBTNlySksWRpDtz4RzjPNljjdM0gkxkvOpSpCRhUSJYcfEjUJipbEaxR7k0G+0WM6zrEysRKRipcqchYSUy0Du3KgHUSHdiGobM/KFm0iaqT+Gl4SUnDuSQ41l6kULMTXygX2kx2KVNkz1y5ZVKlrQkJSWQFp0kpYuVgWMKElXIMMZVnMmdisRPxUl5adPcBTqAOkGYOep1CoDUPSJ877SYZZ0CSlRSoJurSCVMDQgEvu8c9yPHYjCzDNMkzk6VASlLPzADVQE6i3L6RcyOTr75KiUrQqWoSlKBYupRJIAJAdIY+cRkxJxUU6X6FxlctvqCM8xCzLUlI+JWk0oAXJAq1CHeMxOwK2+J1KLskf39Y3XajArwuXrTq1//kCdrdqLTpAavMVez2jEYSdxIJUnivu3PYsevvGsJbekyyKSY7L8xXh065aiJg1AqCRyZhQghnirIzVZT3ZJKAVLCRQAkV9WHoIsTBLrpLAudNaUI3+nSGYbEykpASFPuSn+Hi9W3BCkDJs9SVuCRV40mFz7vJZC06poLhgQTSppfY+XpTwWAQviXqKVOEKrQhVz0uKwVw2AVLKtCUd4KDhBNjUFmZrnw5xE5RQ9VFZWcBi4KRTh3DMLGr+PjEuV4xM2cnUFlBIcu1B8VRFXHSpilnvClav1XLCgD2O/pF7KcXMTL08IQktQOBV6tzIi2/TaGmdMzb+o3dgy5S2CD3elCW0tZnqQGZxHs/tbMMlRJeYpBAc1DuCQLA7+UCex+RJxqzMmuQFC29CSOgqLNcxT7eYWWjETZaQUJASAkbOlJLE1EcvxnKWk2pRVszmZ5rLkqYKC1ULv8Ljw+ICkVx2kXOWO9maglOlIU5CaMCAzD7EU52US0uBU8yX9IoqwZEz4SxDOlh6x0wjGtjJs0srtMslCNSSEgpS1NIOl002LC/KHYHOlIWpQSDUJfUaJUdLU2q0AMLlQU7hSRUUPxexg5l2W6T3aJanUAktpLvY1BqLvtfaJnKMeSoylqvs0eG7RS1pWCsJClALSoJShwdTgtpJoG5UpSMXleYS5AmUcqTpFtSb2IsS97NtGnR2Un9xN1SSmUkLWX0HUwLEF3cEOCB5Rg8XlC0uX1eA/zEYZRkmrCScWdA7K9sE4aQSpMyYosU8bBLayXpuT9OUDO1+ZJxmKlzBK0BiCBMSdT1PIBV6+FKVxolFknUoFizgAPyNWHiYWFwy1Lb5lOKN/hNObR0RikZs71gu0uF4EJ71KZTEgJOkmjvpI4rdDHOe0+UyzPUqVL0yVF0KJqqpBUXLuSD9KWgVlknuidUxQWEK0ueB2dyATq5ftvFjETR3PdoUpSwEuu7k1pyuaHc2jCVt0ikq5CuUFK5w16glIc6eYNBQVUWFP3EbbL1utRCBpAZPjd36Bh1eOa9kMHMmLWmYuahL6ioAAHSUnjduFntWvKOgSzrWyZhWkhIGl7fqD8N+XnHPnjpKgy3jjM0pKXAJJURy4ed3hRckpKdMkFRSSSRppwgKAfavUPCiIxUldhWrg4HKwiEHjWlQ5C/tWHr7j5Zb/APcRECJezUixJwu8ei2ZpHsuaUhkJSK2qfr/ABE5KlCpPUePSJ5OFBHVzFqVh4hyKoiymQZawr057+UGTilLWiZMWVLSAApg9KilufrFVEsb/wCIlSiJcgoP4TPZqS/eLOzFm52i/L7RTP1GMwgRZQDGUqe7A0yc/Xzhxz1XOM8kGJUpO8Q3FDCeLzILDLShXiPpuD4Rj81wx1FSAut2WSCLsTqSryrB8jp7R6lD7e0RHJGDtCZjMbMxRwyZC1LUgFHCrisZu4csB3YZ2tygPPlK4eEJDNq4m82BjpKsJ09ooT8lQSVAFKuaSR68/ONF5cOxNmK7iWlJeYFK2CKjwP3zirhZZBGoUerXbps8aLMcgWSDRTdGPsGeKAwcyXRyAdlCnvSOiGWD3TC01RPJxSA6SmZoYiiQ7OWBJYHxrFXG448OlSuCgVXyqw2+keTJy0jilgPulx/ZoSczUqX3Q0pv8bA16+cDj2gjGLe5ZyPF61LTML62Go7GrXsK7QYwuXAoUgIJWSygSdLAlQcjmR7CM0jDFAbX5BSft40REwICmWtISFKFWNHcnkxFYjN1TF8Ny4NP2Q7QYTKStAV3il6e9Uo0YOwlsSA2qoLVptAX+oePw+PxP4nDzDVCUrTqaqXGoMCC4b0gVlk78wL4QkhThIZILttYdIJTMsM1TIlA0T8ASBQkKcU2Ac/xD+Jp3kNJ9mY/AECkxf8A+w/xFzJMuUZ8sfmKBVpUNZI8DQfbQaX2UmvwyTXnpHlEknL5sghE1JEtVdIULjenIcw1on8RB8MAJ/o00q1aloQ41KBLCju3keTkNGn/AKX4Z8aTMVMWkIIS5sSUgFubUo94jzImahEmUxdJWTzYCjvXSKdSFR5lmeowSdKWE4jUCncBSUgDZ1VqHsd4z1fETiwjNxdnXsVhfxEjESQS6RMQQ4cFSS3UXj5yEqbvNV7fuI3A/qBMlY0T1oXLM3TrlKBKVIJoCCAQRcFgejGJO1vYcFJn4KZ+YqYomW6eEEqcpWnYGmlnAPSKxY4YU+v3NJzc+TISss1pHelQSASVgEsdJvp+sX8VgJMuWoyncAcdzeoD/DepYGDPZTLcZKWkTZaRL+ZiCbWaNnLkygX7pAPPSl4wz+UlJKLshJnLstymQAVLUoqIqQoAVv4xKcBhwS0xSRb40+PnHVErT+hP/iIZMw8hXxSZZ8UiMV50/b7FUcwwWDw6yCVTVUfSmaim9ikwfkzUold3KmTkgWdUonmzs7RrJeU4N3/DSwejj6GLeHm4MUSJbijanPheFPy3NVpbCjHZdm2LSvvClS0JZKiyXD0A4d7N4woJdqu1cvDTEoRhJM1JSFEl6FzSngDCi4RyyVqP1C0czlYPpF2Xg4Jy5Q5RYlojscxA+Vg4sIwUXkJiTrGbyAU0YOLCMGIlEPAEQ5gMRhhEqZIhrGHoEQ5MCVMsRIkAQ1EPB6RjJsQ9LcokF9oi1dI9Cn2IjJxbAlh+gGInj1BMQ4Cof+FT1hi8AhVC/wB+MSgHrCAPKJ0v3FpA2P7LSlAnUU+A/a3tGcxfY1jSYjTUlRJDAXJDbRv5b8zDyg+XgI3xeRkx8uykqOf5/KRghh5aZYXKVLKlBiFkqPxLILF6MDbS0VMoz8ccsTUykrDALSWTTTduX7R0Sdgkq+JCVMGqmA+Y9j8PMvKCT/xcefKOleVjl8yLUnF3EzOW5LPkglCZGJRX4FsqvoNt4JYTtEJCqheHVQNMlBaf/IMpvCKeI7GT5J14acodCW9x/aK8zPcdIGnEyEzUcykH3H7xrqjl7T+jJs2+E7TqmCgkzbVkzAFf+EwPEGInYXSor79MwuoCclTE0LUGkJJAFGFYxKcbl088UtUhZ3TZ/L+It/hp6ADJxYnSqOhZenJjT6Rk8EY/p/3uGxewmOlhLK1O6gE20vw6noxDqDdYqdpszSkS0YYgqZRUQhyASADq5gJArWj7iIsFj5BZK9LuRq+Hfp51jPYqZrnTO7moHEW1Ej0UzepEbYsa12+i8mOMYpphfAZMFhBWhRJIKi7v48w0dqkAaRpbSw0tZtvJo5dl2AndyhQCpjJS4QoKFmNjB7IO1EiSnuppmS+QWig8CCT6xz+Z/kXp3ohG0KByiPSnpEOGzGVN/wBuYhR6KD/V4nWN60r+0edxyOxwkhukRYnDEpVobUx0uSz7P0ePSv7aHCtlCDU0OzMTTmSP/ZkTOqVN/wDIj6RjMyyicVqWvDz0lRKiw1Cpcs20dcB5kR5rGxpHTj82UOkJ7nEZksop3i0HkpKk/R4UdlxCUEcTHxH8wo6V/wCku4i0mDSiJSjk8OSIcB4RpYDUiHgR6kRID0EQ2B4kQ5oald4cLRLEOSA9YkERgGsPljrEsZKDSHbc4iSWiVG0ZMByU9IeJY3hp8Y8iXYEzQig+XiIiJ8Yf5mFQFlCR06WiVtvqKQPY8vaHyppG48GjOWN8oC6mPQ+5ps5rEAJ6Q5Cr0++kQ0wJnPOHJA/a8Q6SQ718I9LtVjEOgJDKfr7RBiMvChcekSvRiAORaGpJDA+0FsZnsx7CyJrvpBO4DfSMvjuwWIlkmRN1CtK/f0jpKg7VZ9qViXSTR38Y2h5mbH3f7k0cXedhiRPwwKSRqowLcyN/GCkjHZZPpNlGUrmK+4Yx1CZJSp0qDg7Fm84z+adi8JN/wDa0nmih89jHXHz4y2mmv1THTM7K7Jyz+ZgsYQdg7kehCh6Q9U3NMP8YGIQOfE/0VFXHdgJ0svInGlgunoRSKpznMMHSdLKkijqBUD5v+8dMJKfyST/AH5JJxnmDmK0z8OvDqG6FGn/AGkBvUwawOIDD8NmV7InfwqnpAuT2rws8aZ8tv8A+h6Gv1hx7L4KfWRN0nkFfVJrDnFL5k19UOzTf+oMfJ+ORLmp/UhwfUU9onwvbuQWE6VNlHwBH7E+kYc5Dj8NWRNJH/FTeztDf/VuIl8OJkJWN9SGPkpP8GMH40J/LT/mmFnU8HnuEm0RNRtchKvGu8XlS0mrg/T61jkaM2y+b8SFyTzTUezH2i7hcIb4TGvuE6reRb6RjPw690FnSpkkda9Y8jBntBmMltaEzUjmP4b6GFGP4afX3CyykQ4B4clJ3tHsdzYxCE0PAhyR6eh9IlsCNI5Q9CTzh2iwh65ZQSCUnqCCPURN2FDS+8OQgQz7vHoLH4jE2wH6X+2h7nyiLXDlF+bwndgObpD0vCRaEFl2ehGz/wARO7Ac7N9+whz8jWI5lCzg0+vOFJL0cffQw6AmSh6vHuijt9IjJAFHiITH2pAlYy4lQa4iWUodfFopEMYllzQK05Xr5Rm42hF5M303h5DD+f7RW73YU6j7tHneGr16mMHBdATBDh/8w5Qc0H7xVTNem3T/AC0TaAwYsedoGqe4x6C9CKV+6RIpk0cj0iu6lMPUx5MNdvSIcbYFnvALC+/LrQ/zHi0UryqQYiSpnAD+P7R6nEMOZ6KL+0KqewCZNi5fd2/eHTMICDbl08LNECjqegTXrX9osFANCA2xeu1/rDnt2BnMz7GYab8UtIJ+ZNCPHSG9Yy+af09mS6yJz8krp5A2jpUxQalybnx5t0h8yVqNVEeZ+hjTH5uWH5tv7JaORfj8ywn+4mZpHPiT61b1EEsL2zkTeGfKbqk0/wDE/wAmOlztAowU5Yin8xms27LYSYeJAfmkMfVMdcPOhP8A2Q/lBTM/OyTA4j/ZUjVyB0n0N/FoD47sbNRVCnGz/wA2gpjf6eKqcNOLCyVjpzH8QIXiMwwlFBenpxJ93b2jsxZYy2xz/hkldOOx2HoSvSOfEPd48gtg+2ctVJ0oHqmh9DT3j2NXq7gmBqZKtQrEiKQoUcj4NDwLJ9Yc0KFGYj3Dk3fYj1BSfYw6VKAYCwFo8hQ1yPo9mCsPUkU6woUS+RDkB267/wCYYtHCTV48hQ0M9kKJS56Q5RtChQmA7lD0XEKFEgRgsfMxJLr7woUAEE5ZfYt06RYlW8Y8hQT4QEshb6qCgjwGvNud4UKMXyxCTzbnDlhg/wB2hQoFyM8E0hPgDSJ8FxB3IcbR7Cici2YDUly3T+IeE0UbkE3hQozfAES5pAp91hwm6mcAbU8o9hQ6WwyxrIpqJHWHSppJI6/x/MKFHO+xCADsw9PD+Yg1MspYNqPPbzjyFCi2DJUywLBvCGqroSQCPDyhQoqrEBs57I4ScCpUvSWNUUMeQoUVh8nMo0pP+xUf/9k=');
INSERT INTO pura (id_pura, nama_pura, id_jenis_pura, id_kabupaten, link_lokasi, latitude, longitude, deskripsi_singkat, tahun_berdiri, link_gambar) VALUES ('P004', 'Pura Sakenan', 'J001', 'K004', 'https://maps.app.goo.gl/JgWTayid4b2VxZWz9', '-8.72495166037699', '115.229466910968', 'Diakses lewat laut saat Odalan', '± Abad ke-16', 'https://lh3.googleusercontent.com/gps-cs-s/AC9h4npe6tbHLtTCcApY7ESnbIpovepk9pnOi53-o3DPsEDmqpUc_FODtYwPANOUm8dZb_phv6c5EdOoGKJ1hxmaERKu6D_AstgOKA-hWnvMGOlj2k9LKs2skzfrHkSaxbbRVgBg77nZ1Q=w408-h306-k-no');
INSERT INTO pura (id_pura, nama_pura, id_jenis_pura, id_kabupaten, link_lokasi, latitude, longitude, deskripsi_singkat, tahun_berdiri, link_gambar) VALUES ('P005', 'Pura Rambut Siwi', 'J001', 'K006', 'https://maps.app.goo.gl/Zx4hRwr9otMCFF4j9', '-8.40295448148294', '114.765826328671', 'Konon rambut Nirartha disimpan di sini', '± Abad ke-16', 'https://lh3.googleusercontent.com/gps-cs-s/AC9h4np1GbpZ916zji8BKnqW0O70h9OY6n-niUeig260w3r4A4uJdTOiwSF9eRFXjT6Na2vnkklVuIkBlEL5C_E1qcum59steFJ6BuoeBBEk-yuIM5Tn5EZfTVL4tk59Lfc6P82GoXo=w408-h272-k-no');
INSERT INTO pura (id_pura, nama_pura, id_jenis_pura, id_kabupaten, link_lokasi, latitude, longitude, deskripsi_singkat, tahun_berdiri, link_gambar) VALUES ('P006', 'Pura Pulaki', 'J001', 'K003', 'https://maps.app.goo.gl/JdkJtZ88wDisMZqV8', '-8.11708752688539', '114.677591097103', 'Didirikan oleh Nirartha, dekat habitat kera liar', '± Abad ke-15', 'https://lh3.googleusercontent.com/gps-cs-s/AC9h4npR_Lk9B5aKEASCdj3JgX_Vb3aT1vYq5qmo3skXqNOlZIRpBZ8A8JdGMjpA5Sd_a3WTpod6dMjzQ-wvmS905xTG00LUDQYWWm3-jtMvRP0JmPAScn6fTckck89tdxHod_w96mXuRw=w408-h306-k-no');
INSERT INTO pura (id_pura, nama_pura, id_jenis_pura, id_kabupaten, link_lokasi, latitude, longitude, deskripsi_singkat, tahun_berdiri, link_gambar) VALUES ('P007', 'Pura Perancak', 'J001', 'K006', 'https://maps.app.goo.gl/EGQM3GYdjgMvC6qe9', '-8.39975754640951', '114.611112286128', 'Tempat Melasti wilayah barat', '± Abad ke-16', 'https://lh3.googleusercontent.com/gps-cs-s/AC9h4no9x954fvOeXlVnpiDlERnQQsAfvfd2_sEslMUBF_Xr_dx7yQMhJnLC1M4g5LhNStIYFYO-7ffTn4MJJXRGiePGxpdMqxvG_aL6prR1CImk1R9U__ntPWGHQQ3J5KziRpSIlHb4Rg=w408-h306-k-no');
INSERT INTO pura (id_pura, nama_pura, id_jenis_pura, id_kabupaten, link_lokasi, latitude, longitude, deskripsi_singkat, tahun_berdiri, link_gambar) VALUES ('P008', 'Pura Dasar Buana', 'J001', 'K008', 'https://maps.app.goo.gl/LN4DFWRpmh7w8vim6', '-8.55601885862011', '115.407995344169', 'Pura besar di Desa Gelgel, dikenal sebagai pura tua dan suci, memiliki peran penting dalam sejarah kerajaan Bali', '± Abad ke-14', 'https://lh3.googleusercontent.com/gps-cs-s/AC9h4nrOi2NBFk2_VzgQQxyj7j6DSMYTAMy8RhqTuKdSfAr6-_mMnFrhun8uaLkU4YsFeCKt2xDN4McSKqztre9SSqfG8TcWVl3tcJhg_iUwvFUlmcOnsZHZruJ0rBNxfh5pVvomKQeWEg=w408-h544-k-no');
INSERT INTO pura (id_pura, nama_pura, id_jenis_pura, id_kabupaten, link_lokasi, latitude, longitude, deskripsi_singkat, tahun_berdiri, link_gambar) VALUES ('P009', 'Pura Ponjok Batu', 'J001', 'K003', 'https://maps.app.goo.gl/rRRbxYfmBQBhnLwD8', '-8.09418866437802', '115.272256312978', 'Sering dikaitkan dengan perjalanan spiritual Dang Hyang Nirartha', '± Abad ke-16', 'https://lh3.googleusercontent.com/gps-cs-s/AC9h4nofQGwlKYHehtinjuU1Isvm6E5_eQzhKURYXyleYn4RTJWTUiGQpXntFlfeVwoHlQXU5tOTSaWKKouFt0g5S4PczSrg5Gw1wFCpnJdcw9fNouhgRcdePltEOk1PWsP9JP3XdXVArA=w426-h240-k-no');
INSERT INTO pura (id_pura, nama_pura, id_jenis_pura, id_kabupaten, link_lokasi, latitude, longitude, deskripsi_singkat, tahun_berdiri, link_gambar) VALUES ('P010', 'Pura Silayukti', 'J001', 'K007', 'https://maps.app.goo.gl/Vto2Mgso9aNFtY7q8', '-8.53108659691218', '115.513052791355', 'Pura kuno di Padangbai, dipercaya sebagai tempat moksha Rsi Markandeya; bagian penting dalam sejarah spiritual Bali', '± Abad ke-8', 'https://lh3.googleusercontent.com/gps-cs-s/AC9h4nrFT3lmiggfmQ06PJnGH1MfAZKyZq8KyZ3qL7DbLa-VfjSo4Fuk-A79BQ02s9JNEibDXkhOyvy1BaybwLzGNSBJwiwZT6Udjc-GTFsWo5wgcJl2yt9Dz3O4pAq2_M99GvHIl--e=w426-h240-k-no');
INSERT INTO pura (id_pura, nama_pura, id_jenis_pura, id_kabupaten, link_lokasi, latitude, longitude, deskripsi_singkat, tahun_berdiri, link_gambar) VALUES ('P011', 'Pura Andakasa', 'J002', 'K007', 'https://maps.app.goo.gl/PNvcVB4vPZaU8fXi9', '-8.52378340412181', '115.475731870552', 'Pura suci di Bukit Andakasa, dipercaya sebagai tempat stana Dewa Iswara, penjaga arah timur', 'Tidak diketahui', 'https://lh3.googleusercontent.com/gps-cs-s/AC9h4nqUR_LtECEuYPSw3Yqk8KOMpQM7Sxe8rne69N6uGDBCFgHKzPG548zW_Rc3RCn9Yav1F-PxaxWKhxgfG3IhVn1yvtmXlz6PNmt1uVuXpkXR9rRT6UKu8yc-jxllK9ns_4CkSDi-Kg=w408-h306-k-no');
INSERT INTO pura (id_pura, nama_pura, id_jenis_pura, id_kabupaten, link_lokasi, latitude, longitude, deskripsi_singkat, tahun_berdiri, link_gambar) VALUES ('P012', 'Pura Ulun Danu Beratan', 'J002', 'K009', 'https://maps.app.goo.gl/Q4xpohA6JATCn6br6', '-8.27501081764784', '115.166834124456', 'Ikon Bali, spiritual dan pariwisata', '± Abad ke-17', 'https://lh3.googleusercontent.com/gps-cs-s/AC9h4nqG3l0wgEXm0JpZDbaZrTSkOtbvG8BnbAg0rSDHLIWE-28q6w6HJ2X-lciNd6shMQxQWj2SLRhLOT4-sqlCRLfr7VFhz7xR3oH7VwtIxbYDWbb_CQDkVAUuuInTZR9Owgxvvg4=w408-h544-k-no');
INSERT INTO pura (id_pura, nama_pura, id_jenis_pura, id_kabupaten, link_lokasi, latitude, longitude, deskripsi_singkat, tahun_berdiri, link_gambar) VALUES ('P013', 'Pura Tirta Empul', 'J002', 'K005', 'https://maps.app.goo.gl/YHyf7LpNSfNPgfWx6', '-8.41532168712597', '115.316012235842', 'Dikenal dengan pancuran melukat', '± Abad ke-10', 'https://lh3.googleusercontent.com/gps-cs-s/AC9h4nqV_wRu-ALNocu_87RThiwFsxMCZQwfFnNPk_meKPjmpUm0ypJl8q4ezumFyyFP231jUgKyb4josgFUntVr3K7okSxbB58vQ98xCXuYtbiADt2o9wer4KAaB6eEk2F6QboM62JS5Q=w408-h306-k-no');
INSERT INTO pura (id_pura, nama_pura, id_jenis_pura, id_kabupaten, link_lokasi, latitude, longitude, deskripsi_singkat, tahun_berdiri, link_gambar) VALUES ('P014', 'Pura Samuan Tiga', 'J002', 'K005', 'https://maps.app.goo.gl/5NrnZNnj6bFtxCwk9', '-8.52370305722895', '115.295269860692', 'Tempat bertemunya 3 sekte pada masa Bali Kuna', '± Abad ke-10', 'https://lh3.googleusercontent.com/gps-cs-s/AC9h4np4U6cSFBQaGKP2KkjdzIuaqOiAjsJAheMhSYpHb7wu1QyRl5GCFangPhBNSbToB-rJXSLaDVYNl581S1ADxLQu2LvudiXM_cczXRpH08tVPbvaBqyePIBRXX9IRaWjYULRkuw=w426-h240-k-no');
INSERT INTO pura (id_pura, nama_pura, id_jenis_pura, id_kabupaten, link_lokasi, latitude, longitude, deskripsi_singkat, tahun_berdiri, link_gambar) VALUES ('P015', 'Pura Agung Jagatnatha', 'J002', 'K004', 'https://maps.app.goo.gl/nTvVEyNj8xmWQQ2Y8', '-8.65628265008084', '115.218641068092', 'Pura utama perkotaan untuk upacara nasional Hindu Bali', '1953 M', 'https://lh3.googleusercontent.com/gps-cs-s/AC9h4nr8wiMzF7fICTZsEVpo7R3BeIvTbpiGTbYUw-_yr2z_ZNdlZ57LYLdJ5kFwbvtErUHTH9vZBfI1mAnqO7T1QQzDlsgGB3g-wwBfAKr45nO-o6dHsFojGJEMGqnADqd78HuLiDVs=w408-h352-k-no');
INSERT INTO pura (id_pura, nama_pura, id_jenis_pura, id_kabupaten, link_lokasi, latitude, longitude, deskripsi_singkat, tahun_berdiri, link_gambar) VALUES ('P016', 'Pura Watu Klotok', 'J002', 'K008', 'https://maps.app.goo.gl/sDFkerF9CfenzS4F7', '-8.5764497595016', '115.400802473159', 'Pusat kegiatan spiritual Klungkung bagian timur', '± Abad ke-14', 'https://lh3.googleusercontent.com/gps-cs-s/AC9h4noCV8dU9FCUOWJtl3epdLIMMRJFiAp-8LXFN9GXt9jYP2eBiU39U10Qy-WoVaV_H2JS7sd20yjc3bq_gnwH1obyfbmif-cevgcFx0mDNG4LldA4KlA1IIz3cickgIoygqssYg1j=w408-h306-k-no');
INSERT INTO pura (id_pura, nama_pura, id_jenis_pura, id_kabupaten, link_lokasi, latitude, longitude, deskripsi_singkat, tahun_berdiri, link_gambar) VALUES ('P017', 'Pura Petitenget', 'J002', 'K001', 'https://maps.app.goo.gl/BE9KRB3rFWJHpCqF7', '-8.52574551819902', '114.99349148528', 'Bagian dari segitiga suci bersama Uluwatu dan Tanah Lot', '± Abad ke-15', 'https://streetviewpixels-pa.googleapis.com/v1/thumbnail?panoid=Vb0igXVpzu4SBDYwGFBdiQ&cb_client=search.gws-prod.gps&w=408&h=240&yaw=82.2123&pitch=0&thumbfov=100');
INSERT INTO pura (id_pura, nama_pura, id_jenis_pura, id_kabupaten, link_lokasi, latitude, longitude, deskripsi_singkat, tahun_berdiri, link_gambar) VALUES ('P018', 'Pura Pusering Jagat', 'J002', 'K005', 'https://maps.app.goo.gl/wteX4JQFKsUMvbja7', '-8.5156397918849', '115.292377617188', 'Pura kuno di Desa Pejeng, dipercaya sebagai pusat spiritual Bali, berperan penting dalam keseimbangan jagat', '± Abad ke-11', 'https://lh3.googleusercontent.com/gps-cs-s/AC9h4nqW3DAP3omGK3gZkaPzQ9Q7SKqFvharZUJiK95ZKkcX5iUb_rakBWEk3VLdQonZGe0nLL_QPRujwWVT_jW7XwJFW-J-EbVJI_YfqFIUQN8z3dS66gTGW4kYa9CkXCDGVXRlOl1F=w426-h240-k-no');
INSERT INTO pura (id_pura, nama_pura, id_jenis_pura, id_kabupaten, link_lokasi, latitude, longitude, deskripsi_singkat, tahun_berdiri, link_gambar) VALUES ('P019', 'Pura Puncak Bon', 'J002', 'K001', 'https://maps.app.goo.gl/Z1K7DATUnAWwRDkm6', '-8.24899019429077', '115.236230690263', 'Pura kuno di wilayah Petang, bagian dari jalur suci Rsi Markandeya sebelum mendirikan Pura Besakih', '± Abad ke-8', 'https://lh3.googleusercontent.com/gps-cs-s/AC9h4nrec9Ua7wOVy-ds6p3ZvonvSHdgzTyNEn8sefarModPhuW2LEgy4s-xhTM0vfu2q1ySCPVsf8TMOnCKt4eoYrJajhfq2vqhBobj9Xfu1hDXbqvh5jZ9FQrZyvroDX9FcIMuCPq-Ig=w408-h306-k-no');
INSERT INTO pura (id_pura, nama_pura, id_jenis_pura, id_kabupaten, link_lokasi, latitude, longitude, deskripsi_singkat, tahun_berdiri, link_gambar) VALUES ('P020', 'Pura Beji Sangsit', 'J003', 'K003', 'https://maps.app.goo.gl/zUjSXghRxFK2Lo3g8', '-8.08357201400167', '115.134939041099', 'Pura Subak yang kaya detail dan spiritual', '± Abad ke-15', 'https://lh3.googleusercontent.com/gps-cs-s/AC9h4nq-MpeQNgYbzpyrrVUYpTVOwP92OQIoATbfCWzmwHFoRqGen7fFaqUGtEQaP3NYkCuXDMnAJm6hWm9eDv7vT0Yc5RCGPTQ8LNRTO40mwlZmfvd3mUW6D_TPWxtmH1DSnzZSovcT=w408-h306-k-no');
INSERT INTO pura (id_pura, nama_pura, id_jenis_pura, id_kabupaten, link_lokasi, latitude, longitude, deskripsi_singkat, tahun_berdiri, link_gambar) VALUES ('P021', 'Pura Gunung Lebah', 'J004', 'K005', 'https://maps.app.goo.gl/JtaytaZx7LRYFkp48', '-8.50403822980772', '115.254614386462', 'Tempat spiritual tenang, sering untuk semedi', '± Abad ke-8', 'https://lh3.googleusercontent.com/gps-cs-s/AC9h4nri-sFFEWaJ_cMK19pgbXslk438jJNE6bTybMPcAs66o6BcsNWA79gm8qYtnQWqWRR2RNMwkgFY9F9iWG1G6ALm8c7EhYqc_cBcFNta3NcTIAqiUuk28Cpk7paICUF7Ey9f2Osnjg=w426-h240-k-no');
INSERT INTO pura (id_pura, nama_pura, id_jenis_pura, id_kabupaten, link_lokasi, latitude, longitude, deskripsi_singkat, tahun_berdiri, link_gambar) VALUES ('P022', 'Pura Payogan Agung', 'J004', 'K002', 'https://maps.app.goo.gl/D1SrDEjQstUAwoDk9', '-8.62528007368001', '115.284518825785', 'Tempat bertapa para sulinggih zaman kuno', '± Abad ke-9', 'https://lh3.googleusercontent.com/p/AF1QipNE5CATthRp-zOCuuLEl1ii68zbnq3Ay9GyGxli=w408-h306-k-no');
INSERT INTO pura (id_pura, nama_pura, id_jenis_pura, id_kabupaten, link_lokasi, latitude, longitude, deskripsi_singkat, tahun_berdiri, link_gambar) VALUES ('P023', 'Pura Luhur Tamba Waras', 'J004', 'K009', 'https://maps.app.goo.gl/dg37U2xWRJMMs6fN7', '-8.65488959147956', '115.267969482132', 'Tempat memohon kesembuhan spiritual', 'Tidak diketahui', 'https://lh3.googleusercontent.com/gps-cs-s/AC9h4no4-ZU18HCaFV3lJSgvoHXK6DeNvz-tYyBJAuFSeg7s6x1lHN2hcVSsf-N9GyOu6Y2rAehaGocYH0EPkS8BtNr02ZdgZZqzlMif7LnP1VxHxucXBY5iRNzM5qSxS3Tq-qmS2xaz=w408-h306-k-no');
INSERT INTO pura (id_pura, nama_pura, id_jenis_pura, id_kabupaten, link_lokasi, latitude, longitude, deskripsi_singkat, tahun_berdiri, link_gambar) VALUES ('P024', 'Pura Melanting', 'J005', 'K003', 'https://maps.app.goo.gl/KxAqk2oNKnd8VVJU8', '-8.16013798979685', '114.680737280277', 'Tempat dagang mohon berkah dan lancar rezeki', '± Abad ke-17', 'https://lh3.googleusercontent.com/gps-cs-s/AC9h4noWpM7JWAVQQf5hRYqQSOILJlQvpHLt9tg6X9NtPRaS_aB8i-bQ9-1bZbdQZk4j0Y9x4NsP6vu5u5m3oDADR1daBGAmOF9ZOqpwVQhk6wkdJhAIKb1GTh4F9Cze2pwJd5V--KEb=w408-h306-k-no');
INSERT INTO pura (id_pura, nama_pura, id_jenis_pura, id_kabupaten, link_lokasi, latitude, longitude, deskripsi_singkat, tahun_berdiri, link_gambar) VALUES ('P025', 'Pura Puseh Batuan', 'J006', 'K005', 'https://maps.app.goo.gl/LRc74cNvDF4TJdab6', '-8.58203268699385', '115.277256013571', 'Salah satu pura tertua dan artistik di Bali', '± Abad ke-11', 'https://lh3.googleusercontent.com/gps-cs-s/AC9h4noCVZwvFacdZiaImMp737uksWv9Trn6lUVYNLGpnHjU5wi2Vqv6-MAaRYjvWjMFIpW5gXKFNsvAMaAPUxtxnevkjv0epnYRPSc83sLB4ZY-UTTxH2WzWEbPIeWtTInonXfHxLqnlA=w408-h544-k-no');
INSERT INTO pura (id_pura, nama_pura, id_jenis_pura, id_kabupaten, link_lokasi, latitude, longitude, deskripsi_singkat, tahun_berdiri, link_gambar) VALUES ('P026', 'Pura Masceti', 'J007', 'K005', 'https://maps.app.goo.gl/F9nhKmoi8LnxpNNP6', '-8.59292707723453', '115.34605956698', 'Tempat melasti dan pengusiran mala (bhuta kala)', 'Tidak diketahui', 'https://lh3.googleusercontent.com/gps-cs-s/AC9h4nqE5KD7AS93-MqmiifUexxLhJloeG4B62n0v5F75iUL8fZlFOaXOptQCdQcMO-J1egO-Lq9oM7lJQwuT1_yNXaEbrEBtDM7Jzw4KL75_PatqVw1bPkjb52C8WF_xbKJZQD9p_q2=w408-h306-k-no');
INSERT INTO pura (id_pura, nama_pura, id_jenis_pura, id_kabupaten, link_lokasi, latitude, longitude, deskripsi_singkat, tahun_berdiri, link_gambar) VALUES ('P027', 'Pura Luhur Srijong', 'J007', 'K009', 'https://maps.app.goo.gl/i6gQEAGRC3sdfiH4A', '-8.525925690902', '114.993495957715', 'Tempat sembahyang masyarakat nelayan', 'Tidak diketahui', 'https://lh3.googleusercontent.com/gps-cs-s/AC9h4nrVMvzLzPigzUspCsstTZia-AqUOMQrUbq22r8bunjU8eRt1y3tmN1Mqa_QDWs81Aja5gjCGX3HQ5QF35IVJakDQ1moCqjEUXB5PBS8LXsOOMvNYONo72kxVPvqdP4Z7ebph-kd=w408-h268-k-no');
INSERT INTO pura (id_pura, nama_pura, id_jenis_pura, id_kabupaten, link_lokasi, latitude, longitude, deskripsi_singkat, tahun_berdiri, link_gambar) VALUES ('P028', 'Pura Campuhan Windhu Segara', 'J007', 'K004', 'https://maps.app.goo.gl/JLk3oyNcBsB8d2pW8', '-8.68167223564224', '115.152222683629', 'Sering digunakan untuk ngaben dan pelarungan abu jenazah', 'Tidak diketahui', 'https://lh3.googleusercontent.com/gps-cs-s/AC9h4noAyZhNDSKkH5pc-LhfWWcGBdizu9ZrgPfg-Wla4rFns1xQuz08WGiaL0G8Lb63Nt8WhhN3ffvDXJw714wsfSQzluEGK855LPzBDEHWiZ4UFQdtVaKoUjF3p-pEvwhKOvFUlpZK=w408-h286-k-no');
INSERT INTO pura (id_pura, nama_pura, id_jenis_pura, id_kabupaten, link_lokasi, latitude, longitude, deskripsi_singkat, tahun_berdiri, link_gambar) VALUES ('P029', 'Pura Yeh Gangga', 'J007', 'K009', 'https://maps.app.goo.gl/DMMT8NsgMa29adKe7', '-8.59472722495504', '115.178026761768', 'Digunakan untuk upacara melasti, nyegara gunung', 'Tidak diketahui', 'https://lh3.googleusercontent.com/gps-cs-s/AC9h4noRrwjzCRLzz67ScxVHqTXjqtIGlnU4eQ5c5duhSg78jTqK7rZDoLKJZid2dzXILn59DVKks98ZB6dLRS16ULqoxjipf8c0c1-QHZeQITExutyTc401GubE7A4anWbi32JspzbZWztBq7AP=w408-h544-k-no');
INSERT INTO pura (id_pura, nama_pura, id_jenis_pura, id_kabupaten, link_lokasi, latitude, longitude, deskripsi_singkat, tahun_berdiri, link_gambar) VALUES ('P030', 'Pura Batu Pageh', 'J007', 'K001', 'https://maps.app.goo.gl/cdbHiwnWNtErXMej8', '-8.42897642013719', '115.197141513359', 'Pura spiritual di tebing pantai selatan', 'Tidak diketahui', 'https://lh3.googleusercontent.com/gps-cs-s/AC9h4noHxo4_jDRfgsXq0NJp_M4gaO4VAy5QmCNik_ErGaAJjZOWK-CULsLI-7T5_TcVqU6GsWvgg6Nd8WtL3C-5iwmZGKUFbcHA03dX-VmpEDm7HpVMzlFYeBeJahbbeAq3pWAiTT4o=w408-h306-k-no');
INSERT INTO pura (id_pura, nama_pura, id_jenis_pura, id_kabupaten, link_lokasi, latitude, longitude, deskripsi_singkat, tahun_berdiri, link_gambar) VALUES ('P031', 'Pura Penataran Sasih', 'J008', 'K005', 'https://maps.app.goo.gl/g14DcCu3VQT8fgwA7', '-8.51399267431639', '115.293194490643', 'Dikenal karena menyimpan Nekara Bulan dari perunggu', '± Abad ke-10', 'https://lh3.googleusercontent.com/gps-cs-s/AC9h4np9vNRof2XrHqjxZwC8UhjW5bPTrXgdjYAYS7IB7hkT53gGSuciZPu4NJVk-2XEg109p5FtNT3h9Pyim4_QfAo1sters0AQtk5aWiI5LnlKzueoX8nIKhDbM9pdvpsEMyLXFHgC0w=w408-h270-k-no');
INSERT INTO pura (id_pura, nama_pura, id_jenis_pura, id_kabupaten, link_lokasi, latitude, longitude, deskripsi_singkat, tahun_berdiri, link_gambar) VALUES ('P032', 'Pura Goa Gajah', 'J008', 'K005', 'https://maps.app.goo.gl/GMNffDBm8BMhSYE66', '-8.52343886215219', '115.287155835601', 'Tempat pertapaan kuno dan daya tarik wisata', '± Abad ke-11', 'https://lh3.googleusercontent.com/gps-cs-s/AC9h4nrfXf5FA20vKKqe02dFor6kXiF1uqO3MpxKozV9Tajw65EgvQXGXbAs5yABwWIuuuP5egFEc7sq_mQZ7yjTqJU78oPKJIo3KgDE0jyLWyDdqqlMzatyt3fsKk-YK-nWxvtHZiuH=w408-h306-k-no');
INSERT INTO pura (id_pura, nama_pura, id_jenis_pura, id_kabupaten, link_lokasi, latitude, longitude, deskripsi_singkat, tahun_berdiri, link_gambar) VALUES ('P033', 'Pura Penulisan', 'J008', 'K002', 'https://maps.app.goo.gl/P7W4sF2yevqWuZju6', '-8.20816346863821', '115.327515139294', 'Situs prasejarah dan pura tertinggi di Bali', '± Abad ke-9', 'https://lh3.googleusercontent.com/gps-cs-s/AC9h4npW_rvKVk7omUYasQHqUt24agwwVBmdI6-4oIo6jrtmR4_l8r1zmZW7FTAupr7BExegWbE21_5hT5LzzLrdyBx1UK-SrHdwWMha6ajY52PA81z4l0z35rXtAUvCFaNbxiBuE2j6=w408-h306-k-no');
INSERT INTO pura (id_pura, nama_pura, id_jenis_pura, id_kabupaten, link_lokasi, latitude, longitude, deskripsi_singkat, tahun_berdiri, link_gambar) VALUES ('P034', 'Pura Agung Kentel Gumi', 'J008', 'K008', 'https://maps.app.goo.gl/FNTdTMgpaoSryksT9', '-8.54646213261121', '115.366018185056', 'Pura tua peninggalan kerajaan Bebandem', '± Abad ke-10', 'https://lh3.googleusercontent.com/gps-cs-s/AC9h4notNn85qN0TJf-3rsM0nslNYijylprhN6pbNggQyLFEYl1pMRaQvDbNZI03ETQ60SzLI7b-eb9bBsknH_L7wB6-T3zsKhSZZyPBaEIRfi9LDmnFtg6BxYOcNngjx2zCYzcqf61g2w=w426-h240-k-no');
INSERT INTO pura (id_pura, nama_pura, id_jenis_pura, id_kabupaten, link_lokasi, latitude, longitude, deskripsi_singkat, tahun_berdiri, link_gambar) VALUES ('P035', 'Pura Taman Pule', 'J008', 'K005', 'https://maps.app.goo.gl/TiHu6ubmPeCtQXsd8', '-8.542851456086', '115.273388986637', 'Tempat moksha Mpu Kuturan', '± Abad ke-11', 'https://lh3.googleusercontent.com/gps-cs-s/AC9h4npa_MgUbJ5XD6LTCFQqOZfIq4LMQzcyOoU2VtcOLdN5Fah55uOaAjongg6zhQkPL79M0TLNplRyiFWmchF0gCwyehP_-PdO6NMSd_ZGwsQ3Zw-hDrpyzFXhDcAQYGhhouelahpSEg=w408-h544-k-no');
INSERT INTO pura (id_pura, nama_pura, id_jenis_pura, id_kabupaten, link_lokasi, latitude, longitude, deskripsi_singkat, tahun_berdiri, link_gambar) VALUES ('P036', 'Pura Batu Medawu', 'J008', 'K008', 'https://maps.app.goo.gl/85bYv3KSZXNJGFC19', '-8.54257582727921', '115.273454371249', 'Situs peninggalan Bali Mula dari era prasejarah', 'Tidak diketahui', 'https://lh3.googleusercontent.com/gps-cs-s/AC9h4np-yBDbg92AFAWvG37gn3bs0MClukdZ2z3sgIIuOeC_-XAr-Da1eNCYcfC_eTDa5qeV4XMVfirAMGIcbEazWn1PjgcTqzCASTYZwysPpsYZjgV_9OUaB0tjqZYv5mYP9-0rOAKifN1qOLTp=w408-h544-k-no');
INSERT INTO pura (id_pura, nama_pura, id_jenis_pura, id_kabupaten, link_lokasi, latitude, longitude, deskripsi_singkat, tahun_berdiri, link_gambar) VALUES ('P037', 'Pura Gunung Kawi Sebatu', 'J008', 'K005', 'https://maps.app.goo.gl/oSUizYU5kTTKBRcY6', '-8.82909690477941', '115.084871691271', 'Berbeda dari Gunung Kawi yang bercandi', '± Abad ke-11', 'https://lh3.googleusercontent.com/gps-cs-s/AC9h4nrkhs1dfY1mIDEzJeDfg8Uv2KBkGUDFH5wqw1NxT7yVUEkAFK_HoQ2HH4PUqydXhEYNF6GTTd6tluvLy8EQPnBAR6Ps8BaW9IMcUlm6ZgV3HSwOCbPmPyshSegspp6S_jjKOrMbMQ=w408-h306-k-no');
INSERT INTO pura (id_pura, nama_pura, id_jenis_pura, id_kabupaten, link_lokasi, latitude, longitude, deskripsi_singkat, tahun_berdiri, link_gambar) VALUES ('P038', 'Pura Taman Ayun', 'J009', 'K001', 'https://maps.app.goo.gl/z85zCpMT8egfJfoVA', '-8.54184249150121', '115.172483981149', 'Pura peninggalan Kerajaan Mengwi, bagian warisan dunia', '1634 M', 'https://lh3.googleusercontent.com/gps-cs-s/AC9h4npEz98dJW6_zYMgYJxBJFF8BPQd1Og5AXRza2-w6ukrsLf5JgLyEhtmpd94f64Colj_puCXVHhAT0swXUOHUeQ3R9JLxArdhBbHMH3-ilSLFejcLvGQV8z0enxxbpRbpKqzlGpLrg=w408-h392-k-no');
INSERT INTO pura (id_pura, nama_pura, id_jenis_pura, id_kabupaten, link_lokasi, latitude, longitude, deskripsi_singkat, tahun_berdiri, link_gambar) VALUES ('P039', 'Pura Besakih', 'J010', 'K007', 'https://maps.app.goo.gl/2nBkYFo75XvjZWj67', '-8.37387997897149', '115.452541938677', 'Pura induk seluruh pura di Bali, terdiri dari 23 pura pendamping', '± Abad ke-11', 'https://lh3.googleusercontent.com/gps-cs-s/AC9h4noh4-D9ibrCInqc1X52JWCyqe2PyZncf6ef-MAYaDSwK4tDWlmoc4zy6i1Rk8wevr3JYQGKdsWbRoQP7_YFY9Qc56L1wSuJxgre10VKWKeM_MDXhUnA2k0q9p42Tij02LXJ8x-_9w=w426-h240-k-no');
INSERT INTO pura (id_pura, nama_pura, id_jenis_pura, id_kabupaten, link_lokasi, latitude, longitude, deskripsi_singkat, tahun_berdiri, link_gambar) VALUES ('P040', 'Pura Lempuyang Luhur', 'J010', 'K007', 'https://maps.app.goo.gl/yRaboqAQM9eRdpc26', '-8.39498310027596', '115.647967826307', 'Salah satu pura tertua di Bali', '± Abad ke-10', 'https://lh3.googleusercontent.com/gps-cs-s/AC9h4nrpqlNO4w_pPQRnSWM-rbIMJX2Tpu-qguU5JbZ9wr1rTUW0MXCzcjDN4BNfATX_CArxX-27a5-W_YKA2pp2lCi0gzCXgTPpveEVhJgwd3wEE8-7g1QrGQOiW6hBhDNfIK9zR16N=w408-h306-k-no');
INSERT INTO pura (id_pura, nama_pura, id_jenis_pura, id_kabupaten, link_lokasi, latitude, longitude, deskripsi_singkat, tahun_berdiri, link_gambar) VALUES ('P041', 'Pura Goa Lawah', 'J010', 'K008', 'https://maps.app.goo.gl/WKqArNR3vx7EJADz8', '-8.5513927289781', '115.468999556993', 'Pura laut tempat pemujaan naga Basuki', '± Abad ke-11', 'https://lh3.googleusercontent.com/gps-cs-s/AC9h4nqFPBKUNEC_C39G41lEcalsr1PkdjXyPXx5O7v_YQ9ildPqhslUrggrRTrDVB0zpSw2FautJHjE702AvLID4xRsLnbvpEwNdh2SwyURlR11X9klVMAuiVmQand3QvQRI17xoueC=w408-h306-k-no');
INSERT INTO pura (id_pura, nama_pura, id_jenis_pura, id_kabupaten, link_lokasi, latitude, longitude, deskripsi_singkat, tahun_berdiri, link_gambar) VALUES ('P042', 'Pura Uluwatu', 'J010', 'K001', 'https://maps.app.goo.gl/DEAHqjdRzwUeHp936', '-8.82894317478166', '115.084989705421', 'Didirikan oleh Mpu Kuturan, dikenal sebagai tempat Kecak', '± Abad ke-11', 'https://lh3.googleusercontent.com/gps-cs-s/AC9h4noYZ0-KcHxB3UxnkQ7J3ZiwpC63dsLlM_X9PFH54sB0oNLj3uS94IZPSKhYmTj-wEJmPQOv4xExQ8wx2kmG0SS-_QtfaFs43KGsa_j0Kg8hnZNEla0uedyVl1kj90ASkdAkcTJt=w408-h306-k-no');
INSERT INTO pura (id_pura, nama_pura, id_jenis_pura, id_kabupaten, link_lokasi, latitude, longitude, deskripsi_singkat, tahun_berdiri, link_gambar) VALUES ('P043', 'Pura Batukaru', 'J010', 'K009', 'https://maps.app.goo.gl/tajvgTvvHQ85TUKk8', '-8.3718376678841', '115.102612486343', 'Tempat pertapaan di pegunungan berhawa sejuk', '± Abad ke-10', 'https://lh3.googleusercontent.com/p/AF1QipPGNVj6z9GisLzHPpF8ese1AtihcK1PLGQPgb5J=w408-h306-k-no');
INSERT INTO pura (id_pura, nama_pura, id_jenis_pura, id_kabupaten, link_lokasi, latitude, longitude, deskripsi_singkat, tahun_berdiri, link_gambar) VALUES ('P044', 'Pura Puncak Mangu', 'J010', 'K001', 'https://maps.app.goo.gl/nKQm8epP8DCLJMPt6', '-8.26977675455209', '115.220257924589', 'Pura pertapaan di atas danau Beratan', '± Abad ke-12', 'https://lh3.googleusercontent.com/gps-cs-s/AC9h4nqUOPVHyMQWspUBWAFS5mZJ3hEZc3KMR7WNHV9QT9eRnFxb1s8MQfHglVHHLrMJfiWymP1Lnb3ma2puE2PkYlGEBkg4GRogQVqgH1_GB2EWc5fcI9X0br77oNV_zclXaMit5-sG=w408-h306-k-no');
INSERT INTO pura (id_pura, nama_pura, id_jenis_pura, id_kabupaten, link_lokasi, latitude, longitude, deskripsi_singkat, tahun_berdiri, link_gambar) VALUES ('P045', 'Pura Ulun Danu Batur', 'J010', 'K002', 'https://maps.app.goo.gl/2r9DoUWYEaRkKfZS6', '-8.24994991630229', '115.337364062977', 'Pura utama pemujaan Dewi Danu, sebelumnya berada di Gunung Batur', '± Abad ke-17', 'https://lh3.googleusercontent.com/gps-cs-s/AC9h4nq_x68ZvAZvK7bC39aYbbXQTJXtiaT4DEJIV52YTRrkqPKcxDzTVtxe84k4nxVgbOlUZqWS7Mxw14T2sMcvGYZsVb0XEyTZSUgzlSFYMU3I4L62kbKS71tekGZqtyhJZK8ekeJ0=w408-h408-k-no');
